[
  {"version":3},
  {"ingredient":{"id":"minecraft:elytra","components":{"minecraft:damage":427}},"type":"item_stack","bookmarkType":"INGREDIENT"},
  {"ingredient":{"id":"minecraft:gunpowder"},"type":"item_stack","bookmarkType":"INGREDIENT"},
  {"ingredient":{"id":"minecraft:white_banner","components":{"minecraft:item_name":{"translate":"block.minecraft.ominous_banner"},"minecraft:tooltip_display":{"hidden_components":["minecraft:banner_patterns"]},"minecraft:rarity":"uncommon","minecraft:banner_patterns":[{"pattern":"minecraft:rhombus","color":"cyan"},{"pattern":"minecraft:stripe_bottom","color":"light_gray"},{"pattern":"minecraft:stripe_center","color":"gray"},{"pattern":"minecraft:border","color":"light_gray"},{"pattern":"minecraft:stripe_middle","color":"black"},{"pattern":"minecraft:half_horizontal","color":"light_gray"},{"pattern":"minecraft:circle","color":"light_gray"},{"pattern":"minecraft:border","color":"black"}]}},"type":"item_stack","bookmarkType":"INGREDIENT"}
]