{
  "keybinds": {
    "regularKeybinds": {
      "rotateCamera": "mouseleft",
      "pickBlock": "mousemiddle",
      "useTool": "mouseright",
      "arcballCamera": "ctrl+mouseleft",
      "arcballCardinalSnap": "none",
      "panCamera": "ctrl+mouseright",
      "crosshairCamera": "mouseright",
      "adjustRadius": "ctrl+mousemiddle",
      "adjustSpeed": "none",
      "confirm": "enter",
      "undo": "ctrl+z",
      "redo": "ctrl+y",
      "copy": "ctrl+c",
      "copyWithAir": "none",
      "paste": "ctrl+v",
      "delete": "delete",
      "cut": "ctrl+x",
      "duplicate": "ctrl+j",
      "extrudePoint": "e",
      "saveBlueprint": "ctrl+p",
      "showSelection": "none",
      "showBiomes": "ctrl+b",
      "showAnnotations": "none",
      "showDisplayEntityGizmos": "none",
      "showMarkerEntityGizmos": "none",
      "showCollisionMesh": "none",
      "showLightBlocks": "none",
      "showStructureVoidBlocks": "none",
      "quickFill": "ctrl+f",
      "quickReplace": "ctrl+r",
      "rotatePlacement": "ctrl+r",
      "flipPlacement": "ctrl+f",
      "pasteAndSelect": "none",
      "moveQuick": "leftcontrol",
      "moveForward": "w",
      "moveLeft": "a",
      "moveBackward": "s",
      "moveRight": "d",
      "moveUp": "space",
      "moveDown": "leftshift",
      "copyIngame": "ctrl+c",
      "builderToolDelete": "delete",
      "nudgeForwards": "up",
      "nudgeBackwards": "down",
      "nudgeRight": "right",
      "nudgeLeft": "left",
      "nudgePlusY": "pageup",
      "nudgeMinusY": "pagedown",
      "selectView1": "ctrl+1",
      "selectView2": "ctrl+2",
      "selectView3": "ctrl+3",
      "selectView4": "ctrl+4",
      "selectView5": "ctrl+5",
      "selectView6": "ctrl+6",
      "selectView7": "ctrl+7",
      "selectView8": "ctrl+8",
      "selectView9": "ctrl+9"
    },
    "toolKeybinds": {
      "swap_to_last_tool": "none",
      "magic_select": "m",
      "box_select": "b",
      "freehand_select": "n",
      "lasso_select": "l",
      "ruler": "none",
      "annotation": "none",
      "painter": "p",
      "noise_painter": "o",
      "biome_painter": "none",
      "gradient_painter": "none",
      "script_brush": "none",
      "freehand_draw": "g",
      "sculpt_draw": "none",
      "rock": "h",
      "weld": "j",
      "melt": "k",
      "stamp": "none",
      "text": "none",
      "shape": "none",
      "path": "none",
      "modelling": "none",
      "floodfill": "none",
      "fluid_ball": "none",
      "elevation": "e",
      "slope": "none",
      "smooth": "u",
      "distort": "none",
      "roughen": "none",
      "shatter": "none",
      "extrude": "y",
      "modify": "none"
    }
  },
  "visuals": {
    "minBrightness": 0,
    "liquidOpacity": 100,
    "showBiomes": false,
    "showAnnotations": true,
    "showRuler": true,
    "keypressOverlay": false,
    "showKeyHints": true,
    "showBlockStateTooltip": true,
    "statusBackground": true
  },
  "contextMenu": {
    "keybindMode": "HOLD",
    "autoSwapToCreative": true,
    "autoSwapToOtherHotbarWithItem": false,
    "globalHotbars": false
  },
  "capabilities": {
    "bulldozer": true,
    "replaceMode": false,
    "typeReplace": false,
    "forcePlace": false,
    "noUpdates": false,
    "tinker": true,
    "infiniteReach": false,
    "infiniteReachLimit": -1,
    "fastPlace": false,
    "angelPlacement": false,
    "noClip": false,
    "phantom": false
  },
  "blockAttributes": {
    "showCollisionMesh": false,
    "showLightBlocks": false,
    "showStructureVoidBlocks": false,
    "showMovingPistonBlocks": false,
    "expandHitboxesToFullCube": false,
    "makeFluidHitboxesSolid": false,
    "preventInteractions": false
  },
  "movement": {
    "flightMomentum": 100,
    "flightDirection": "HORIZONTAL",
    "syncIngameMovementWithEditorUI": false,
    "separateFlightSpeeds": false
  },
  "builderTools": {
    "showBuilderToolSlot": true,
    "directionLock": true,
    "symmetryRange": 128,
    "magicSelectCount": 128,
    "middleClick": "EXTEND_SELECT"
  },
  "creativeMenu": {
    "showColorPicker": true,
    "showGradientHelper": true,
    "searchQuickAdd": true
  },
  "entityManipulation": {
    "showDisplayEntities": true,
    "displayEntityRange": 8,
    "showMarkerEntities": true,
    "markerEntityRange": 24,
    "swapLeftRightClick": false
  },
  "editor": {
    "toolStabilization": 0.0,
    "clearToolWhenSwapping": true
  },
  "blueprint": {
    "automaticRefreshing": true,
    "recursiveSearch": false,
    "customPath": "",
    "defaultTags": "small,medium,large,massive,organic,structure,terrain,interior,house,tower,bridge,castle,statue,temple,monument,barn,stable,windmill,store,watermill,ship,airship,balloon,palace,watchtower,mansion,grave,marketplace,mine,obelisk,warehouse,silo,shipwreck,mausoleum,cemetery,bunker,airplane,helicopter,car,truck,vehicle,blacksmith,crypt,factory,mountain,cliff,rock,iceberg,spike,stone,wood,brick,natural,sand,metal,winter,spring,summer,autumn,tree,bush,mushroom,spruce,oak,birch,coniferous,deciduous,acacia,mangrove,cherryblossom,darkoak,jungle,baobab,azalea,cypress,coral,sapling,grass,seagrass,bamboo,flowers,animal,creature,dead,lamp,streetlight,brazier,bed,bookshelf,closet,table,chair,fireplace,carpet,fountain,clock,banner,flag,bell,modern,medieval,steampunk,gothic,oriental,victorian,fantasy,sci-fi,elven,dwarven,futuristic,retro,classic,rustic,baroque,rococo,industrial,artnouveau,artdeco,cyberpunk,space,arabic,indian,egyptian,greek,roman,norse,mesoamerican,japanese,western,spanish,tudor,spooky,pirate,dungeons,rubble,crates,redstone,wall,window,roof,stairs,pillar,arch,stairs,chimney,well"
  },
  "internal": {
    "nextUpdateNag": 0,
    "shownIntroduction": true,
    "showOpenConfigTip": true,
    "showOpenContextMenuTip": false,
    "showOpenEditorTip": false,
    "completedTutorials": [
      "selection",
      "introduction",
      "magic_select_tool",
      "box_select_tool"
    ],
    "openEditorWindowTypes": [
      "tools",
      "tool_options",
      "palette",
      "inventory",
      "active_block",
      "history",
      "world_properties",
      "clipboard",
      "target_info"
    ],
    "defaultLayout": "[Window][###Tools]\nPos\u003d0,0\nSize\u003d300,250\nCollapsed\u003d0\nDockId\u003d0x00000003,0\n\n[Window][###Tool Options]\nPos\u003d0,250\nSize\u003d300,750\nCollapsed\u003d0\nDockId\u003d0x00000004,0\n\n[Window][###Clipboard]\nPos\u003d1700,0\nSize\u003d300,200\nCollapsed\u003d0\nDockId\u003d0x0000000D,0\n\n[Window][###TargetInfo]\nPos\u003d1700,0\nSize\u003d300,200\nCollapsed\u003d0\nDockId\u003d0x0000000D,1\n\n[Window][###Palette]\nPos\u003d1700,200\nSize\u003d300,200\nCollapsed\u003d0\nDockId\u003d0x0000000E,0\n\n[Window][###ActiveBlock]\nPos\u003d1700,400\nSize\u003d300,100\nCollapsed\u003d0\nDockId\u003d0x0000000C,0\n\n[Window][###History]\nPos\u003d1700,500\nSize\u003d300,300\nCollapsed\u003d0\nDockId\u003d0x0000000A,0\n\n[Window][###WorldProperties]\nPos\u003d1700,800\nSize\u003d300,200\nCollapsed\u003d0\nDockId\u003d0x00000008,0\n\n[Docking][Data]\nDockSpace           ID\u003d0x8B93E3BD Window\u003d0xA787BDB4 Pos\u003d0,0 Size\u003d2000,1000 Split\u003dX\nDockNode          ID\u003d0x00000005 Parent\u003d0x8B93E3BD SizeRef\u003d1700,1000 Split\u003dX\n DockNode        ID\u003d0x00000001 Parent\u003d0x00000005 SizeRef\u003d300,1000 Split\u003dY\n   DockNode      ID\u003d0x00000003 Parent\u003d0x00000001 SizeRef\u003d300,250 Selected\u003d0x80AFE82B\n   DockNode      ID\u003d0x00000004 Parent\u003d0x00000001 SizeRef\u003d300,750 Selected\u003d0xECA27DCB\n DockNode        ID\u003d0x00000002 Parent\u003d0x00000005 SizeRef\u003d1400,1000 CentralNode\u003d1 Selected\u003d0x1F1A625A\nDockNode          ID\u003d0x00000006 Parent\u003d0x8B93E3BD SizeRef\u003d300,1000 Split\u003dY Selected\u003d0x34064FA7\n DockNode        ID\u003d0x00000007 Parent\u003d0x00000006 SizeRef\u003d300,800 Split\u003dY Selected\u003d0x34064FA7\n   DockNode      ID\u003d0x00000009 Parent\u003d0x00000007 SizeRef\u003d300,500 Split\u003dY Selected\u003d0x34064FA7\n     DockNode    ID\u003d0x0000000B Parent\u003d0x00000009 SizeRef\u003d300,400 Split\u003dY Selected\u003d0x34064FA7\n       DockNode  ID\u003d0x0000000D Parent\u003d0x0000000B SizeRef\u003d300,200 Selected\u003d0x34064FA7\n       DockNode  ID\u003d0x0000000E Parent\u003d0x0000000B SizeRef\u003d300,200 Selected\u003d0x1E514AEA\n     DockNode    ID\u003d0x0000000C Parent\u003d0x00000009 SizeRef\u003d300,100 Selected\u003d0x1D216E21\n   DockNode      ID\u003d0x0000000A Parent\u003d0x00000007 SizeRef\u003d300,300 Selected\u003d0xFE0E9DDF\n DockNode        ID\u003d0x00000008 Parent\u003d0x00000006 SizeRef\u003d300,200 Selected\u003d0x602D8B84",
    "lastTranslationCount": 0,
    "globalScale": 1.0,
    "savedCustomTheme": "ASel0AAAlJbUd1aURhcmsAAA\u003d\u003d",
    "showCloseWindowButton": false,
    "showToolMaskOpenWarning": true,
    "showNon90DegreeRotationWarning": true,
    "showQuickReplaceCtrlClickTip": true,
    "dockedInventoryWithPalette": true,
    "rootEditorPalette": {
      "blocks": [],
      "subcategories": {}
    },
    "customDowngradeSuggestions": {},
    "invertCameraRotate": false,
    "useCenterOfScreenForArcball": false,
    "pickBlockDrag": true,
    "cutAlsoCopiesToClipboard": false,
    "useVanillaMovementForEditor": true,
    "tallGrassIsActuallyNotTall": false,
    "disableChunkRenderOverrider": false,
    "hadEditorUIOpen": false,
    "blueprintBrowserDirSize": 175
  }
}