[
  {"version":3},
  {"ingredient":{"id":"minecraft:potato"},"type":"item_stack","bookmarkType":"INGREDIENT"},
  {"ingredient":{"id":"farmersdelight:rice"},"type":"item_stack","bookmarkType":"INGREDIENT"},
  {"ingredient":{"id":"farmersdelight:cabbage_seeds"},"type":"item_stack","bookmarkType":"INGREDIENT"},
  {"ingredient":{"id":"farmersdelight:rotten_tomato"},"type":"item_stack","bookmarkType":"INGREDIENT"},
  {"ingredient":{"id":"minecraft:iron_spear","components":{"minecraft:enchantments":{"minecraft:lunge":3,"minecraft:looting":3},"minecraft:damage":8}},"type":"item_stack","bookmarkType":"INGREDIENT"},
  {"ingredient":{"id":"minecraft:diamond_spear","components":{"minecraft:enchantments":{"minecraft:sharpness":3,"minecraft:knockback":2}}},"type":"item_stack","bookmarkType":"INGREDIENT"},
  {"ingredient":{"id":"minecraft:andesite"},"type":"item_stack","bookmarkType":"INGREDIENT"}
]