[
  {"version":1},
  {"ingredient":{"id":"farmersdelight:cooked_bacon"},"type":"item_stack","bookmarkType":"INGREDIENT"},
  {"ingredient":{"id":"minecraft:wither_rose"},"type":"item_stack","bookmarkType":"INGREDIENT"},
  {"ingredient":{"id":"farmersdelight:wheat_dough"},"type":"item_stack","bookmarkType":"INGREDIENT"},
  {"ingredient":{"id":"farmersdelight:pie_crust"},"type":"item_stack","bookmarkType":"INGREDIENT"},
  {"ingredient":{"id":"minecraft:obsidian"},"type":"item_stack","bookmarkType":"INGREDIENT"},
  {"ingredient":{"id":"storagedrawers:upgrade_template"},"type":"item_stack","bookmarkType":"INGREDIENT"},
  {"ingredient":{"id":"minecraft:resin_brick"},"type":"item_stack","bookmarkType":"INGREDIENT"},
  {"ingredient":{"id":"minecraft:resin_clump"},"type":"item_stack","bookmarkType":"INGREDIENT"},
  {"ingredient":{"id":"storagedrawers:copper_storage_upgrade"},"type":"item_stack","bookmarkType":"INGREDIENT"},
  {"ingredient":{"id":"minecraft:egg"},"type":"item_stack","bookmarkType":"INGREDIENT"},
  {"ingredient":{"id":"farmersdelight:raw_pasta"},"type":"item_stack","bookmarkType":"INGREDIENT"},
  {"ingredient":{"id":"minecraft:sweet_berries"},"type":"item_stack","bookmarkType":"INGREDIENT"},
  {"ingredient":{"id":"farmersdelight:fried_egg"},"type":"item_stack","bookmarkType":"INGREDIENT"},
  {"ingredient":{"id":"minecraft:cooked_porkchop"},"type":"item_stack","bookmarkType":"INGREDIENT"},
  {"ingredient":{"id":"minecraft:chicken"},"type":"item_stack","bookmarkType":"INGREDIENT"},
  {"ingredient":{"id":"farmersdelight:smoked_ham"},"type":"item_stack","bookmarkType":"INGREDIENT"},
  {"ingredient":{"id":"farmersdelight:minced_beef"},"type":"item_stack","bookmarkType":"INGREDIENT"},
  {"ingredient":{"id":"minecraft:pumpkin"},"type":"item_stack","bookmarkType":"INGREDIENT"},
  {"ingredient":{"id":"farmersdelight:chicken_cuts"},"type":"item_stack","bookmarkType":"INGREDIENT"},
  {"ingredient":{"id":"farmersdelight:rice"},"type":"item_stack","bookmarkType":"INGREDIENT"},
  {"ingredient":{"id":"minecraft:cooked_chicken"},"type":"item_stack","bookmarkType":"INGREDIENT"},
  {"ingredient":{"id":"farmersdelight:cooked_chicken_cuts"},"type":"item_stack","bookmarkType":"INGREDIENT"},
  {"ingredient":{"id":"minecraft:blue_egg"},"type":"item_stack","bookmarkType":"INGREDIENT"},
  {"ingredient":{"id":"farmersdelight:pumpkin_slice"},"type":"item_stack","bookmarkType":"INGREDIENT"},
  {"ingredient":{"id":"minecraft:milk_bucket"},"type":"item_stack","bookmarkType":"INGREDIENT"},
  {"ingredient":{"id":"minecraft:glass_bottle"},"type":"item_stack","bookmarkType":"INGREDIENT"},
  {"ingredient":{"id":"farmersdelight:onion"},"type":"item_stack","bookmarkType":"INGREDIENT"},
  {"ingredient":{"id":"refurbished_furniture:sea_salt"},"type":"item_stack","bookmarkType":"INGREDIENT"},
  {"ingredient":{"id":"refurbished_furniture:dough"},"type":"item_stack","bookmarkType":"INGREDIENT"},
  {"ingredient":{"id":"minecraft:water_bucket"},"type":"item_stack","bookmarkType":"INGREDIENT"},
  {"ingredient":{"id":"minecraft:sugar"},"type":"item_stack","bookmarkType":"INGREDIENT"},
  {"ingredient":{"id":"farmersdelight:tomato_sauce"},"type":"item_stack","bookmarkType":"INGREDIENT"},
  {"ingredient":{"id":"farmersdelight:bacon"},"type":"item_stack","bookmarkType":"INGREDIENT"},
  {"ingredient":{"id":"minecraft:cooked_mutton"},"type":"item_stack","bookmarkType":"INGREDIENT"},
  {"ingredient":{"id":"minecraft:potato"},"type":"item_stack","bookmarkType":"INGREDIENT"},
  {"ingredient":{"id":"farmersdelight:beef_patty"},"type":"item_stack","bookmarkType":"INGREDIENT"},
  {"ingredient":{"id":"minecraft:rotten_flesh"},"type":"item_stack","bookmarkType":"INGREDIENT"},
  {"ingredient":{"id":"minecraft:sugar_cane"},"type":"item_stack","bookmarkType":"INGREDIENT"},
  {"ingredient":{"id":"farmersdelight:cooked_mutton_chops"},"type":"item_stack","bookmarkType":"INGREDIENT"},
  {"ingredient":{"id":"farmersdelight:mutton_chops"},"type":"item_stack","bookmarkType":"INGREDIENT"},
  {"ingredient":{"id":"farmersdelight:tomato"},"type":"item_stack","bookmarkType":"INGREDIENT"},
  {"ingredient":{"id":"minecraft:campfire"},"type":"item_stack","bookmarkType":"INGREDIENT"},
  {"ingredient":{"id":"biomesoplenty:rose_quartz_chunk"},"type":"item_stack","bookmarkType":"INGREDIENT"},
  {"ingredient":{"id":"biomesoplenty:flesh"},"type":"item_stack","bookmarkType":"INGREDIENT"},
  {"ingredient":{"id":"minecraft:torch"},"type":"item_stack","bookmarkType":"INGREDIENT"},
  {"ingredient":{"id":"minecraft:bread"},"type":"item_stack","bookmarkType":"INGREDIENT"}
]