[
  {"version":1},
  {"ingredient":{"id":"farmersdelight:ratatouille"},"type":"item_stack","bookmarkType":"INGREDIENT"},
  {"ingredient":{"id":"farmersdelight:skillet"},"type":"item_stack","bookmarkType":"INGREDIENT"},
  {"ingredient":{"id":"farmersdelight:cooking_pot"},"type":"item_stack","bookmarkType":"INGREDIENT"},
  {"ingredient":{"id":"minecraft:campfire"},"type":"item_stack","bookmarkType":"INGREDIENT"},
  {"ingredient":{"id":"farmersdelight:cooked_mutton_chops"},"type":"item_stack","bookmarkType":"INGREDIENT"},
  {"ingredient":{"id":"farmersdelight:mutton_chops"},"type":"item_stack","bookmarkType":"INGREDIENT"},
  {"ingredient":{"id":"minecraft:mutton"},"type":"item_stack","bookmarkType":"INGREDIENT"},
  {"ingredient":{"id":"farmersdelight:beef_patty"},"type":"item_stack","bookmarkType":"INGREDIENT"},
  {"ingredient":{"id":"farmersdelight:minced_beef"},"type":"item_stack","bookmarkType":"INGREDIENT"},
  {"ingredient":{"id":"minecraft:beef"},"type":"item_stack","bookmarkType":"INGREDIENT"},
  {"ingredient":{"id":"minecraft:baked_potato"},"type":"item_stack","bookmarkType":"INGREDIENT"},
  {"ingredient":{"id":"farmersdelight:cooked_bacon"},"type":"item_stack","bookmarkType":"INGREDIENT"},
  {"ingredient":{"id":"farmersdelight:bacon"},"type":"item_stack","bookmarkType":"INGREDIENT"},
  {"ingredient":{"id":"minecraft:porkchop"},"type":"item_stack","bookmarkType":"INGREDIENT"},
  {"ingredient":{"id":"farmersdelight:raw_pasta"},"type":"item_stack","bookmarkType":"INGREDIENT"},
  {"ingredient":{"id":"farmersdelight:wheat_dough"},"type":"item_stack","bookmarkType":"INGREDIENT"},
  {"ingredient":{"id":"minecraft:cocoa_beans"},"type":"item_stack","bookmarkType":"INGREDIENT"},
  {"ingredient":{"id":"minecraft:apple"},"type":"item_stack","bookmarkType":"INGREDIENT"},
  {"ingredient":{"id":"minecraft:sugar_cane"},"type":"item_stack","bookmarkType":"INGREDIENT"},
  {"ingredient":{"id":"farmersdelight:rice"},"type":"item_stack","bookmarkType":"INGREDIENT"},
  {"ingredient":{"id":"farmersdelight:rice_panicle"},"type":"item_stack","bookmarkType":"INGREDIENT"},
  {"ingredient":{"id":"minecraft:ancient_debris"},"type":"item_stack","bookmarkType":"INGREDIENT"},
  {"ingredient":{"id":"minecraft:netherite_upgrade_smithing_template"},"type":"item_stack","bookmarkType":"INGREDIENT"},
  {"ingredient":{"id":"minecraft:diamond_boots"},"type":"item_stack","bookmarkType":"INGREDIENT"}
]